City_ID,City,Country,Date,Lat,Lng,Max Temp,Humidity,Cloudiness,Wind Speed
0,Punta Arenas,CL,2022-04-03 15:04:44,-53.15,-70.9167,46.51,61,40,32.21
1,Alice Springs,AU,2022-04-03 15:06:54,-23.7,133.8833,56.75,44,0,0.0
2,Mataura,NZ,2022-04-03 15:02:58,-46.1927,168.8643,45.3,98,53,1.83
3,Erdenet,MN,2022-04-03 15:06:54,49.0333,104.0833,34.92,58,40,4.63
4,Luderitz,NA,2022-04-03 15:06:55,-26.6481,15.1594,65.75,74,0,13.35
5,Rikitea,PF,2022-04-03 15:06:55,-23.1203,-134.9692,75.87,64,41,8.79
6,Coruripe,BR,2022-04-03 15:06:55,-10.1256,-36.1756,82.96,70,55,12.17
7,Longyearbyen,SJ,2022-04-03 15:02:33,78.2186,15.6401,8.44,56,20,18.41
8,Hithadhoo,MV,2022-04-03 15:06:56,-0.6,73.0833,83.75,69,25,5.53
9,Hermanus,ZA,2022-04-03 15:06:56,-34.4187,19.2345,72.81,63,31,12.57
10,Dikson,RU,2022-04-03 15:06:03,73.5069,80.5464,-0.2,99,83,9.8
11,Butaritari,KI,2022-04-03 15:04:08,3.0707,172.7902,81.21,71,65,14.83
12,Victoria,HK,2022-04-03 15:05:01,22.2855,114.1577,66.38,68,0,15.01
13,Castro,BR,2022-04-03 15:05:27,-24.7911,-50.0119,66.09,85,100,9.24
14,Panlaitan,PH,2022-04-03 15:06:57,12.1191,119.8486,81.86,71,97,7.61
15,Vrangel,RU,2022-04-03 15:06:58,42.7297,133.0839,38.68,92,0,1.16
16,Flinders,AU,2022-04-03 15:01:27,-34.5833,150.8552,63.37,74,75,1.99
17,Georgetown,MY,2022-04-03 15:04:14,5.4112,100.3354,78.73,89,40,0.0
18,Grenfell,AU,2022-04-03 15:06:58,-33.9,148.1667,52.36,69,6,2.15
19,Northam,GB,2022-04-03 14:57:24,51.0333,-4.2167,47.39,62,57,8.79
20,Catamarca,AR,2022-04-03 15:06:59,-28.4696,-65.7852,80.58,38,0,3.0
21,Albany,US,2022-04-03 15:06:59,42.6001,-73.9662,45.18,56,100,4.23
22,Busselton,AU,2022-04-03 15:06:04,-33.65,115.3333,63.21,82,76,15.19
23,San Patricio,US,2022-04-03 15:02:54,28.017,-97.5169,73.49,65,0,7.4
24,Barrow,US,2022-04-03 15:07:00,71.2906,-156.7887,-7.58,71,100,12.66
25,Bredasdorp,ZA,2022-04-03 15:07:01,-34.5322,20.0403,67.44,70,71,12.82
26,Ushuaia,AR,2022-04-03 15:03:15,-54.8,-68.3,42.46,70,38,8.93
27,Raton,US,2022-04-03 15:07:02,36.9034,-104.4391,53.06,50,0,6.91
28,Chuguyevka,RU,2022-04-03 15:07:02,44.1653,133.8633,32.86,75,0,5.32
29,Codrington,AU,2022-04-03 15:07:03,-38.2667,141.9667,59.05,83,94,5.06
30,Cape Town,ZA,2022-04-03 15:06:39,-33.9258,18.4232,75.34,63,0,11.01
31,Jiexiu,CN,2022-04-03 15:07:05,37.0244,111.9125,55.98,36,27,5.86
32,Bambous Virieux,MU,2022-04-03 15:05:28,-20.3428,57.7575,79.21,78,75,12.66
33,Concordia,AR,2022-04-03 15:01:17,-31.393,-58.0209,63.79,94,100,8.01
34,Killam,CA,2022-04-03 15:06:59,52.7834,-111.8518,37.27,64,4,7.78
35,Kapaa,US,2022-04-03 15:07:06,22.0752,-159.319,72.12,85,20,18.41
36,Saskylakh,RU,2022-04-03 15:07:06,71.9167,114.0833,-5.12,98,100,8.37
37,Upernavik,GL,2022-04-03 15:07:07,72.7868,-56.1549,16.61,81,79,8.81
38,Kruisfontein,ZA,2022-04-03 14:57:25,-34.0033,24.7314,68.88,65,74,6.93
39,Klyuchi,RU,2022-04-03 15:07:08,52.2667,79.1667,39.87,79,36,3.76
40,Sakakah,SA,2022-04-03 14:59:49,29.9697,40.2064,98.17,9,100,6.11
41,Hurghada,EG,2022-04-03 15:07:08,27.2574,33.8129,79.99,40,100,15.68
42,Salinas,US,2022-04-03 15:05:43,36.6777,-121.6555,52.32,89,100,4.61
43,Meulaboh,ID,2022-04-03 15:08:10,4.1363,96.1285,73.62,90,100,7.29
44,Kalamnuri,IN,2022-04-03 15:08:10,19.6667,77.3333,93.81,13,100,7.45
45,Tazovskiy,RU,2022-04-03 15:08:11,67.4667,78.7,-3.6,100,21,6.2
46,Leningradskiy,RU,2022-04-03 15:08:11,69.3833,178.4167,-20.43,100,100,3.09
47,Los Llanos De Aridane,ES,2022-04-03 15:08:12,28.6585,-17.9182,64.15,98,75,23.02
48,Hilo,US,2022-04-03 15:08:12,19.7297,-155.09,71.26,91,100,6.91
49,Pevek,RU,2022-04-03 15:08:13,69.7008,170.3133,-19.46,95,19,3.15
50,Concepcion Del Oro,MX,2022-04-03 15:04:49,24.6333,-101.4167,60.17,65,100,6.08
51,Hasaki,JP,2022-04-03 15:08:13,35.7333,140.8333,50.29,62,100,18.72
52,Port Hardy,CA,2022-04-03 15:08:14,50.6996,-127.4199,37.18,94,100,2.95
53,Bengkulu,ID,2022-04-03 15:08:14,-3.8004,102.2655,77.9,79,40,3.96
54,Vaini,TO,2022-04-03 15:04:29,-21.2,-175.2,73.56,100,20,2.3
55,Atuona,PF,2022-04-03 15:04:13,-9.8,-139.0333,79.38,70,87,22.32
56,Ca Mau,VN,2022-04-03 15:08:15,9.1769,105.15,77.56,83,80,6.44
57,Kavieng,PG,2022-04-03 15:08:15,-2.5744,150.7967,81.37,79,92,7.38
58,Chokurdakh,RU,2022-04-03 15:08:16,70.6333,147.9167,-20.29,100,50,3.42
59,Santa Cruz De La Palma,ES,2022-04-03 15:08:16,28.6835,-17.7642,68.14,64,75,23.02
60,Nabire,ID,2022-04-03 15:08:17,-3.3667,135.4833,76.42,87,93,3.4
61,Naze,JP,2022-04-03 15:02:37,28.3667,129.4833,59.13,67,100,13.49
62,Jamestown,US,2022-04-03 15:05:58,42.097,-79.2353,33.53,74,100,14.97
63,Conakry,GN,2022-04-03 15:08:18,9.538,-13.6773,80.46,61,86,11.74
64,Puerto Ayora,EC,2022-04-03 15:06:05,-0.7393,-90.3518,84.16,79,86,10.13
65,Ponta Do Sol,PT,2022-04-03 15:08:19,32.6667,-17.1,61.72,84,100,11.63
66,Cidreira,BR,2022-04-03 15:08:19,-30.1811,-50.2056,71.82,79,100,16.13
67,Taoudenni,ML,2022-04-03 15:08:20,22.6783,-3.9836,104.32,6,0,23.47
68,Petropavlovsk-Kamchatskiy,RU,2022-04-03 15:08:20,53.0452,158.6483,14.97,84,29,13.67
69,Qaanaaq,GL,2022-04-03 15:08:21,77.484,-69.3632,14.0,73,95,5.97
70,Hobart,AU,2022-04-03 15:08:21,-42.8794,147.3294,57.06,93,100,4.61
71,Plettenberg Bay,ZA,2022-04-03 15:08:21,-34.0527,23.3716,66.85,74,99,4.79
72,Pangkalanbuun,ID,2022-04-03 15:08:22,-2.6833,111.6167,74.71,96,52,0.63
73,Acajutla,SV,2022-04-03 15:08:23,13.5928,-89.8275,84.18,67,30,3.8
74,Mar Del Plata,AR,2022-04-03 15:07:48,-38.0023,-57.5575,71.62,70,0,18.01
75,Cayenne,GF,2022-04-03 15:05:37,4.9333,-52.3333,83.08,1,75,16.11
76,Surt,LY,2022-04-03 15:08:23,31.2089,16.5887,66.18,64,0,21.94
77,High Prairie,CA,2022-04-03 15:08:24,55.4334,-116.4858,33.46,72,88,4.85
78,Saint-Philippe,RE,2022-04-03 15:08:24,-21.3585,55.7679,74.79,88,100,16.73
79,Panacan,PH,2022-04-03 15:08:25,9.2463,118.4082,79.34,86,100,7.72
80,Thompson,CA,2022-04-03 15:08:25,55.7435,-97.8558,25.97,88,100,6.22
81,Port Alfred,ZA,2022-04-03 15:08:25,-33.5906,26.891,76.17,79,71,5.01
82,Faanui,PF,2022-04-03 15:08:26,-16.4833,-151.75,80.87,76,10,7.54
83,Bikin,RU,2022-04-03 15:08:26,46.8161,134.26,35.67,78,0,7.65
84,Lukiv,UA,2022-04-03 15:08:27,51.0521,25.4006,36.18,75,100,12.06
85,Sabzevar,IR,2022-04-03 15:07:18,36.2126,57.6819,76.28,18,0,9.22
86,Provideniya,RU,2022-04-03 14:59:47,64.3833,-173.3,2.05,74,0,10.27
87,Montemor-O-Novo,PT,2022-04-03 15:09:27,38.6481,-8.2145,57.63,30,89,12.64
88,Staryy Krym,UA,2022-04-03 15:09:28,45.0333,35.1,50.52,54,66,14.56
89,Quatre Cocos,MU,2022-04-03 15:09:28,-20.2078,57.7625,79.09,79,83,14.92
90,Laguna,US,2022-04-03 15:02:34,38.421,-121.4238,60.78,67,0,3.44
91,Saint Anthony,US,2022-04-03 14:59:56,45.0205,-93.218,40.96,59,40,5.75
92,Gerash,IR,2022-04-03 15:07:19,27.6652,54.1371,86.14,12,83,7.2
93,Egvekinot,RU,2022-04-03 15:07:59,66.3167,-179.1667,-11.85,88,13,19.17
94,Santa Marta,CO,2022-04-03 15:09:29,11.2408,-74.199,83.77,70,71,12.35
95,Port Elizabeth,ZA,2022-04-03 15:05:35,-33.918,25.5701,71.1,91,97,10.0
96,Bluff,NZ,2022-04-03 15:06:08,-46.6,168.3333,56.95,73,62,11.79
97,Olafsvik,IS,2022-04-03 15:09:30,64.8945,-23.7142,40.69,87,100,10.71
98,Lata,PT,2022-04-03 15:09:30,40.1629,-8.3327,57.81,23,6,12.28
99,Cortez,US,2022-04-03 15:09:31,37.3489,-108.5859,53.04,63,100,0.0
100,Samana,DO,2022-04-03 15:09:31,19.2056,-69.3369,80.82,83,75,11.5
101,Richards Bay,ZA,2022-04-03 15:09:32,-28.783,32.0377,77.43,78,100,7.31
102,Razdolinsk,RU,2022-04-03 15:09:32,58.4211,94.6658,6.12,96,11,4.29
103,Geraldton,AU,2022-04-03 15:09:32,-28.7667,114.6,73.81,88,5,8.05
104,Kristiinankaupunki,FI,2022-04-03 15:09:33,62.2743,21.376,33.24,78,100,7.78
105,Tuktoyaktuk,CA,2022-04-03 15:09:33,69.4541,-133.0374,-20.97,100,100,2.86
106,Cocobeach,GA,2022-04-03 15:09:13,1.0002,9.5823,82.98,70,78,11.54
107,Katsuura,JP,2022-04-03 15:09:34,35.1333,140.3,50.02,70,100,21.0
108,Kanniyakumari,IN,2022-04-03 15:09:34,8.0833,77.5667,83.05,76,22,9.8
109,Pangnirtung,CA,2022-04-03 15:09:34,66.1451,-65.7125,28.2,74,100,2.68
110,Rochester,US,2022-04-03 15:05:25,43.1548,-77.6156,38.43,92,100,10.36
111,Kobilja Glava,BA,2022-04-03 15:09:35,43.8819,18.3892,36.14,69,100,2.3
112,Arlit,NE,2022-04-03 15:09:35,18.7369,7.3853,106.83,3,4,2.06
113,Buala,SB,2022-04-03 15:09:36,-8.145,159.5921,78.98,84,84,10.04
114,Lincoln,US,2022-04-03 15:08:16,40.8,-96.667,56.12,49,75,14.97
115,Kaitangata,NZ,2022-04-03 15:09:36,-46.2817,169.8464,46.89,95,72,4.97
116,Soria,ES,2022-04-03 15:09:37,41.6667,-2.6667,43.11,43,100,14.36
117,Evans,US,2022-04-03 15:06:57,33.5337,-82.1307,66.88,45,0,8.05
118,Gat,IL,2022-04-03 15:09:37,31.61,34.7642,77.4,39,53,11.23
119,Vuktyl,RU,2022-04-03 15:09:38,63.8567,57.3094,24.35,89,100,18.43
120,New Norfolk,AU,2022-04-03 15:09:38,-42.7826,147.0587,56.7,87,99,0.56
121,Seoul,KR,2022-04-03 15:09:38,37.5683,126.9778,44.04,39,0,1.68
122,Ribeira Grande,PT,2022-04-03 15:09:39,38.5167,-28.7,64.8,72,40,13.8
123,Marsa Matruh,EG,2022-04-03 15:09:39,31.3525,27.2453,69.53,49,82,11.74
124,Talcahuano,CL,2022-04-03 15:09:40,-36.7167,-73.1167,55.08,62,0,11.5
125,Asau,RO,2022-04-03 15:09:40,46.4333,26.4,38.95,95,100,5.97
126,Cervo,ES,2022-04-03 15:09:40,43.6702,-7.4101,52.97,61,24,17.81
127,Kismayo,SO,2022-04-03 15:09:41,-0.3582,42.5454,82.38,72,96,15.32
128,Yellowknife,CA,2022-04-03 15:07:03,62.456,-114.3525,5.41,80,89,11.01
129,Lompoc,US,2022-04-03 15:10:41,34.6391,-120.4579,57.13,89,100,4.61
130,Port Blair,IN,2022-04-03 15:10:42,11.6667,92.75,81.91,75,21,10.56
131,Loudeac,FR,2022-04-03 15:10:42,48.1783,-2.7543,47.48,46,31,12.53
132,Yulara,AU,2022-04-03 15:02:46,-25.2406,130.9889,66.88,26,0,4.54
133,Carnarvon,AU,2022-04-03 15:06:39,-24.8667,113.6333,78.87,83,100,12.66
134,Torbay,CA,2022-04-03 15:10:43,47.6666,-52.7314,40.28,87,100,21.85
135,Talara,PE,2022-04-03 15:10:44,-4.5772,-81.2719,83.16,54,0,19.57
136,Pedasi,PA,2022-04-03 15:10:44,7.5333,-80.0333,83.82,67,47,15.19
137,Vardo,NO,2022-04-03 15:10:45,70.3705,31.1107,28.08,84,100,11.74
138,Iberia,US,2022-04-03 15:10:45,29.9502,-91.7507,70.97,60,0,5.75
139,Esperance,AU,2022-04-03 15:10:45,-33.8667,121.9,67.41,84,100,10.27
140,Port Moresby,PG,2022-04-03 15:07:42,-9.4431,147.1797,75.31,88,100,5.7
141,Moerai,PF,2022-04-03 15:01:12,-22.4333,-151.3333,80.71,76,67,11.05
142,Kodiak,US,2022-04-03 15:09:44,57.79,-152.4072,27.91,86,0,0.0
143,Ilulissat,GL,2022-04-03 15:10:47,69.2167,-51.1,30.22,69,75,2.3
144,Saint George,US,2022-04-03 15:07:04,37.1041,-113.5841,61.39,38,75,3.44
145,Avarua,CK,2022-04-03 15:10:14,-21.2078,-159.775,73.45,94,100,1.14
146,Kyabram,AU,2022-04-03 15:10:48,-36.3167,145.05,61.88,79,100,3.24
147,Krutikha,RU,2022-04-03 15:10:48,53.9599,81.2093,33.73,100,100,4.09
148,Chara,RU,2022-04-03 15:10:49,56.9064,118.2631,9.05,80,100,4.81
149,Touros,BR,2022-04-03 15:10:49,-5.1989,-35.4608,83.17,73,97,14.14
150,Camacha,PT,2022-04-03 15:09:17,33.0833,-16.3333,56.62,82,75,20.71
151,Nageshwari,BD,2022-04-03 15:10:50,25.9377,89.7148,81.99,70,42,5.26
152,Iztapa,GT,2022-04-03 15:10:50,13.9333,-90.7075,86.13,56,2,5.57
153,Leshukonskoye,RU,2022-04-03 15:10:51,64.8989,45.7622,26.06,80,99,4.9
154,Banjar,ID,2022-04-03 15:10:51,-8.19,114.9675,77.23,89,83,3.0
155,Novaya Lyalya,RU,2022-04-03 15:10:52,59.055,60.599,37.24,98,100,10.87
156,Srednekolymsk,RU,2022-04-03 15:06:55,67.45,153.6833,-18.11,100,70,2.15
157,Port Hedland,AU,2022-04-03 15:06:49,-20.3167,118.5667,82.45,78,0,9.22
158,Port Lincoln,AU,2022-04-03 15:10:10,-34.7333,135.8667,60.46,80,3,5.99
159,Batemans Bay,AU,2022-04-03 15:10:22,-35.7167,150.1833,64.09,51,23,10.69
160,Nikolskoye,RU,2022-04-03 15:10:53,59.7035,30.7861,36.88,80,95,5.48
161,Lagoa,PT,2022-04-03 15:10:53,39.05,-27.9833,59.56,80,7,22.44
162,Baoding,CN,2022-04-03 15:10:54,38.8511,115.4903,52.56,35,0,5.23
163,Linhares,BR,2022-04-03 15:10:54,-19.3911,-40.0722,89.96,48,21,3.18
164,Norman Wells,CA,2022-04-03 15:10:55,65.282,-126.8329,-8.68,98,100,2.39
165,Saint-Francois,FR,2022-04-03 15:10:55,46.4154,3.9054,41.68,60,100,9.22
166,Ballina,AU,2022-04-03 15:09:19,-28.8667,153.5667,66.02,96,22,10.78
167,Lebu,CL,2022-04-03 15:10:56,-37.6167,-73.65,55.31,59,7,9.78
168,Chimbote,PE,2022-04-03 15:10:56,-9.0853,-78.5783,72.9,73,73,6.6
169,Nemuro,JP,2022-04-03 15:10:57,43.3236,145.575,35.69,85,0,16.58
170,Narsaq,GL,2022-04-03 15:10:57,60.9167,-46.05,41.22,60,99,5.59
171,East London,ZA,2022-04-03 15:10:57,-33.0153,27.9116,74.34,82,59,18.99
172,Dodge City,US,2022-04-03 15:10:58,37.7528,-100.0171,58.24,57,0,12.66
173,Ewa Beach,US,2022-04-03 15:11:58,21.3156,-158.0072,74.08,67,0,18.41
174,Sibu,MY,2022-04-03 15:11:59,2.3,111.8167,74.08,97,100,1.59
175,Usak,TR,2022-04-03 15:11:59,38.5,29.4167,56.73,34,100,19.42
176,Waycross,US,2022-04-03 15:11:59,31.2136,-82.354,69.85,43,0,9.22
177,Rucheng,CN,2022-04-03 15:12:00,32.3883,120.5553,49.96,65,0,7.09
178,Havre-Saint-Pierre,CA,2022-04-03 15:12:01,50.2334,-63.5986,33.98,71,68,13.69
179,Saint-Louis,SN,2022-04-03 15:12:01,16.3333,-15.0,96.4,16,3,13.78
180,Mahebourg,MU,2022-04-03 15:12:02,-20.4081,57.7,79.25,78,75,12.66
181,Hibbing,US,2022-04-03 15:12:02,47.4272,-92.9377,33.31,60,0,5.75
182,Virginia Beach,US,2022-04-03 15:12:03,36.8529,-75.978,66.24,51,20,13.13
183,Jardim,BR,2022-04-03 15:11:46,-21.4803,-56.1381,85.96,55,17,8.9
184,Havelock,US,2022-04-03 15:12:04,34.8791,-76.9013,69.75,49,0,17.27
185,Zemio,CF,2022-04-03 15:12:04,5.0314,25.1361,90.7,34,63,7.18
186,Chuy,UY,2022-04-03 15:12:05,-33.6971,-53.4616,73.47,64,100,11.68
187,Gambela,ET,2022-04-03 15:09:16,8.25,34.5833,95.11,30,94,2.71
188,Cherskiy,RU,2022-04-03 15:12:06,68.75,161.3,-3.87,99,100,4.45
189,Riyadh,SA,2022-04-03 15:10:36,24.6877,46.7219,93.34,8,60,9.64
190,Lucea,JM,2022-04-03 15:12:07,18.451,-78.1736,82.26,68,5,2.82
191,Morondava,MG,2022-04-03 15:07:23,-20.2833,44.2833,82.04,64,0,11.88
192,San Quintin,MX,2022-04-03 15:12:08,30.4833,-115.95,59.07,69,100,5.1
193,Vao,NC,2022-04-03 15:12:09,-22.6667,167.4833,78.69,89,100,22.39
194,Labuhan,ID,2022-04-03 15:12:09,-6.8844,112.2051,80.17,80,99,2.24
195,Shush,IR,2022-04-03 15:07:18,32.1942,48.2436,88.5,13,100,7.02
196,Tarko-Sale,RU,2022-04-03 15:12:10,64.9225,77.785,2.61,95,27,5.19
197,Bonfim,BR,2022-04-03 15:12:10,3.0833,-59.95,82.11,66,100,7.58
198,Paamiut,GL,2022-04-03 15:01:43,61.994,-49.6678,35.24,76,93,3.06
199,Englewood,US,2022-04-03 15:12:11,39.6478,-104.9878,47.57,49,100,6.91
200,Ketchikan,US,2022-04-03 15:12:12,55.3422,-131.6461,39.67,87,100,11.5
201,Evensk,RU,2022-04-03 15:12:12,61.95,159.2333,6.39,85,27,6.31
202,Kenitra,MA,2022-04-03 15:12:13,34.261,-6.5802,68.76,50,100,11.23
203,Severo-Kurilsk,RU,2022-04-03 15:12:13,50.6789,156.125,28.96,85,24,13.6
204,Bethel,US,2022-04-03 15:10:05,41.3712,-73.414,48.29,73,100,5.75
205,Pleasanton,US,2022-04-03 15:12:14,37.6624,-121.8747,58.01,84,0,0.0
206,Tasiilaq,GL,2022-04-03 15:12:14,65.6145,-37.6368,32.16,86,100,3.24
207,Tuatapere,NZ,2022-04-03 15:12:15,-46.1333,167.6833,48.4,92,57,2.95
208,San Cristobal,VE,2022-04-03 15:12:15,7.7669,-72.225,77.18,62,100,6.55
209,Suleja,NG,2022-04-03 15:12:15,9.1758,7.1808,101.21,20,91,6.55
210,Yertarskiy,RU,2022-04-03 15:12:16,56.7902,64.2995,39.74,97,100,11.81
211,Shiyan,CN,2022-04-03 15:12:17,32.6475,110.7781,58.15,76,98,0.85
212,Tashtyp,RU,2022-04-03 15:12:17,52.7939,89.8983,39.79,97,100,9.73
213,Pitimbu,BR,2022-04-03 15:12:18,-7.4706,-34.8086,86.59,73,16,14.88
214,Yueyang,CN,2022-04-03 15:12:18,29.3333,113.0919,60.84,59,97,3.22
215,Mayo,US,2022-04-03 15:12:19,38.8876,-76.5119,61.5,56,0,5.99
216,Khatanga,RU,2022-04-03 15:11:36,71.9667,102.5,-21.51,100,98,5.61
217,Phalaborwa,ZA,2022-04-03 15:12:19,-23.943,31.1411,89.89,30,5,7.02
218,Okhotsk,RU,2022-04-03 15:12:20,59.3833,143.3,18.16,89,100,8.05
219,Anadyr,RU,2022-04-03 15:12:20,64.75,177.4833,-20.13,98,35,5.73
220,Gardez,AF,2022-04-03 15:12:21,33.5974,69.2259,58.01,16,0,3.38
221,Mount Gambier,AU,2022-04-03 15:13:22,-37.8333,140.7667,49.91,100,12,4.61
222,Husavik,IS,2022-04-03 15:13:22,66.0449,-17.3389,33.4,98,100,11.54
223,Andover,GB,2022-04-03 15:13:23,51.2083,-1.4825,49.55,45,100,8.01
224,Dunedin,NZ,2022-04-03 15:13:23,-45.8742,170.5036,56.8,75,32,3.6
225,Carmen Del Parana,PY,2022-04-03 15:13:24,-27.2333,-56.2167,73.53,80,100,7.4
226,Mangulile,HN,2022-04-03 15:13:24,15.0667,-86.8,72.09,49,10,1.77
227,Cochrane,CA,2022-04-03 15:10:47,51.1834,-114.4687,36.5,51,43,5.41
228,Tommot,RU,2022-04-03 15:13:25,58.9564,126.2925,12.49,96,100,3.67
229,Missoula,US,2022-04-03 15:13:25,47.0166,-113.8009,19.8,77,24,3.42
230,Ancona,IT,2022-04-03 15:13:26,43.55,13.1667,54.84,57,75,5.75
231,Charters Towers,AU,2022-04-03 15:13:26,-20.1,146.2667,74.68,83,90,7.94
232,Dauphin,CA,2022-04-03 15:13:26,51.1494,-100.0502,27.21,85,89,2.28
233,Atar,MR,2022-04-03 15:13:27,20.5169,-13.0499,90.1,9,0,16.75
234,Iqaluit,CA,2022-04-03 15:12:47,63.7506,-68.5145,24.53,92,75,17.27
235,Altay,CN,2022-04-03 15:13:27,47.8667,88.1167,36.34,59,69,7.87
236,Abonnema,NG,2022-04-03 15:13:28,4.7084,6.7931,87.84,61,100,8.5
237,Tautira,PF,2022-04-03 15:13:28,-17.7333,-149.15,81.39,79,26,7.78
238,Sorland,NO,2022-04-03 15:13:28,67.667,12.6934,34.21,79,100,16.53
239,Belmonte,BR,2022-04-03 15:13:29,-15.8631,-38.8828,83.52,64,10,7.07
240,Roald,NO,2022-04-03 15:12:49,62.5833,6.1333,41.16,93,75,3.44
241,Den Helder,NL,2022-04-03 15:13:30,52.9599,4.7593,47.98,70,100,15.01
242,Hukeri,IN,2022-04-03 15:13:30,16.2333,74.6,84.47,50,98,13.27
243,Sioux Lookout,CA,2022-04-03 15:13:30,50.1001,-91.917,30.16,87,100,2.89
244,Karlskoga,SE,2022-04-03 15:13:31,59.3267,14.5239,45.39,50,100,11.41
245,Quthing,LS,2022-04-03 15:13:31,-30.4,27.7003,65.08,70,68,6.02
246,Half Moon Bay,US,2022-04-03 15:13:32,37.4636,-122.4286,58.44,83,20,4.61
247,Alofi,NU,2022-04-03 15:13:32,-19.0595,-169.9187,79.88,73,65,9.01
248,Governador Dix-Sept Rosado,BR,2022-04-03 15:13:32,-5.4577,-37.5209,93.0,43,41,11.03
249,Minsk,BY,2022-04-03 15:13:33,53.9,27.5667,38.95,44,95,10.25
250,The Valley,AI,2022-04-03 15:13:33,18.217,-63.0578,84.06,69,20,16.11
251,Taltal,CL,2022-04-03 15:13:34,-25.4,-70.4833,68.65,63,0,6.69
252,Palu,ID,2022-04-03 15:13:34,-0.8917,119.8707,76.32,96,100,1.05
253,Lorengau,PG,2022-04-03 15:13:34,-2.0226,147.2712,79.68,80,100,1.1
254,Verkhoyansk,RU,2022-04-03 15:13:35,67.5447,133.385,-3.59,100,96,2.01
255,Neyshabur,IR,2022-04-03 15:13:35,36.2133,58.7958,72.41,14,4,4.85
256,Ancud,CL,2022-04-03 15:13:36,-41.8697,-73.8203,49.23,72,62,3.33
257,Grand Gaube,MU,2022-04-03 15:13:36,-20.0064,57.6608,79.38,77,72,5.99
258,Adrar,MR,2022-04-03 15:13:37,20.5022,-10.0711,96.51,7,0,22.26
259,Xucheng,CN,2022-04-03 15:13:37,20.35,110.1288,64.29,65,40,12.08
260,Haines Junction,CA,2022-04-03 15:13:38,60.7522,-137.5108,13.95,99,80,1.68
261,Wajir,KE,2022-04-03 15:13:38,1.7471,40.0573,97.11,23,99,10.83
262,Lapeer,US,2022-04-03 15:13:39,43.0514,-83.3188,37.51,100,100,8.05
263,Marawi,PH,2022-04-03 15:13:39,7.9986,124.2928,68.2,97,98,1.19
264,Ostrovnoy,RU,2022-04-03 15:13:40,68.0531,39.5131,20.01,85,99,9.35
265,Jiangdu,CN,2022-04-03 15:13:40,32.4286,119.5574,44.65,78,0,8.66
266,Yarada,IN,2022-04-03 15:13:40,17.65,83.2667,84.52,74,40,6.91
267,Saldanha,ZA,2022-04-03 15:13:41,-33.0117,17.9442,65.97,65,0,7.81
268,Asyut,EG,2022-04-03 15:14:41,27.181,31.1837,97.21,5,100,11.34
269,Beringovskiy,RU,2022-04-03 15:14:42,63.05,179.3167,-8.68,94,86,13.18
270,Rio Grande,BR,2022-04-03 15:14:42,-32.035,-52.0986,69.91,94,100,13.2
271,Vallenar,CL,2022-04-03 15:14:42,-28.5708,-70.7581,74.37,37,0,4.29
272,Badhni Kalan,IN,2022-04-03 15:14:43,30.6833,75.2833,81.05,6,4,7.18
273,Ampanihy,MG,2022-04-03 15:14:43,-24.7,44.75,82.4,40,0,12.3
274,Beloha,MG,2022-04-03 15:14:43,-25.1667,45.05,78.17,62,0,11.25
275,Januaria,BR,2022-04-03 15:14:44,-15.4833,-44.3667,92.23,29,6,8.5
276,Ulladulla,AU,2022-04-03 15:14:44,-35.35,150.4667,63.75,57,0,10.54
277,Kamakwie,SL,2022-04-03 15:12:52,9.5,-12.2333,101.75,19,79,4.9
278,Mulanje,MW,2022-04-03 15:14:45,-16.0316,35.5,74.37,94,40,3.69
279,Homer,US,2022-04-03 15:10:44,59.6425,-151.5483,34.81,85,100,3.44
280,Shiogama,JP,2022-04-03 15:14:45,38.3167,141.0333,48.69,80,100,7.45
281,Bolshoye Murashkino,RU,2022-04-03 15:14:46,55.7826,44.7754,32.32,97,100,10.89
282,Aizkraukle,LV,2022-04-03 15:14:46,56.6048,25.2553,39.67,39,87,5.5
283,Pisco,PE,2022-04-03 15:09:49,-13.7,-76.2167,69.85,73,0,9.22
284,Sterling,US,2022-04-03 15:14:47,39.0062,-77.4286,59.86,53,75,24.16
285,Umm Lajj,SA,2022-04-03 15:14:47,25.0213,37.2685,82.22,43,100,8.21
286,Penzance,GB,2022-04-03 15:11:53,50.1186,-5.5371,46.04,58,54,6.46
287,Porto Novo,BJ,2022-04-03 15:14:48,6.4965,2.6036,89.28,59,69,12.82
288,Gamba,GA,2022-04-03 15:14:48,-2.65,10.0,83.39,71,91,8.61
289,Nador,MA,2022-04-03 15:14:49,35.174,-2.9287,59.25,58,40,16.11
290,Aguimes,ES,2022-04-03 15:14:49,27.9054,-15.4461,65.03,88,100,24.16
291,Bentiu,SS,2022-04-03 15:14:49,9.2333,29.8333,96.98,24,98,1.48
292,Klaksvik,FO,2022-04-03 15:14:50,62.2266,-6.589,47.32,98,100,18.79
293,Hamilton,US,2022-04-03 15:12:10,39.1834,-84.5333,47.75,68,20,8.05
294,Rocha,UY,2022-04-03 15:14:50,-34.4833,-54.3333,74.82,59,100,11.43
295,Aykhal,RU,2022-04-03 15:14:50,66.0,111.5,5.85,99,97,7.63
296,Kungurtug,RU,2022-04-03 15:14:51,50.5994,97.5228,31.57,83,98,3.6
297,Cascais,PT,2022-04-03 15:14:51,38.6979,-9.4215,66.51,24,20,24.0
298,Urengoy,RU,2022-04-03 15:14:52,65.9667,78.3667,0.03,100,6,4.61
299,Sao Miguel Do Araguaia,BR,2022-04-03 15:14:52,-13.275,-50.1628,86.13,44,6,6.31
300,Isiro,CD,2022-04-03 15:14:52,2.7739,27.616,70.23,95,100,3.89
301,Malanje,AO,2022-04-03 15:14:53,-9.5402,16.341,66.58,89,100,4.79
302,Novyy Urengoy,RU,2022-04-03 15:14:53,66.0833,76.6333,-0.17,100,23,6.55
303,Astana,KZ,2022-04-03 15:14:54,51.1801,71.446,35.55,93,0,6.71
304,Nuoro,IT,2022-04-03 15:14:54,40.3211,9.3297,50.07,42,99,7.43
305,Souillac,MU,2022-04-03 15:14:54,-20.5167,57.5167,79.18,78,75,12.66
306,Wylie,US,2022-04-03 15:14:55,33.0151,-96.5389,70.93,54,0,10.36
307,Marsh Harbour,BS,2022-04-03 15:14:55,26.5412,-77.0636,77.45,75,60,12.57
308,Berlevag,NO,2022-04-03 15:14:55,70.8578,29.0864,28.2,60,100,17.18
309,Acari,PE,2022-04-03 15:14:13,-15.4311,-74.6158,77.38,64,54,7.25
310,Kwekwe,ZW,2022-04-03 15:14:56,-18.9281,29.8149,75.83,53,98,1.05
311,Gulabpura,IN,2022-04-03 15:14:56,25.9,74.6667,87.57,8,1,9.24
312,Umarkot,PK,2022-04-03 15:14:57,25.3616,69.7362,91.85,14,0,16.82
313,Aksarka,RU,2022-04-03 15:14:57,66.5606,67.7975,6.31,96,65,5.73
314,Batelov,CZ,2022-04-03 15:14:57,49.3143,15.3947,34.61,62,100,11.41
315,Salalah,OM,2022-04-03 15:15:58,17.0151,54.0924,84.29,65,0,5.75
316,Pyay,MM,2022-04-03 15:15:58,18.8167,95.2167,80.74,63,87,1.79
317,Riberalta,BO,2022-04-03 15:15:59,-10.9833,-66.1,80.8,69,75,0.0
318,Conselheiro Lafaiete,BR,2022-04-03 15:15:59,-20.6603,-43.7861,68.11,90,99,5.26
319,Bilibino,RU,2022-04-03 15:15:59,68.0546,166.4372,-1.88,95,100,2.82
320,Antananarivo,MG,2022-04-03 15:16:00,-18.9137,47.5361,69.76,78,75,13.8
321,Puerto Escondido,MX,2022-04-03 15:16:00,15.85,-97.0667,81.43,89,0,3.44
322,Exeter,GB,2022-04-03 15:14:30,50.7236,-3.5275,52.02,45,0,4.61
323,Tura,IN,2022-04-03 15:16:01,25.5198,90.2201,72.0,88,3,5.12
324,Isangel,VU,2022-04-03 15:16:01,-19.55,169.2667,75.31,88,100,3.44
325,Auki,SB,2022-04-03 15:16:01,-8.7676,160.7034,77.47,87,83,7.45
326,Bunia,CD,2022-04-03 15:16:02,1.5667,30.25,82.17,41,36,3.87
327,Pontianak,ID,2022-04-03 15:11:06,-0.0333,109.3333,80.58,83,40,3.44
328,Gbarnga,LR,2022-04-03 15:16:03,6.9956,-9.4722,95.14,38,97,3.11
329,Comodoro Rivadavia,AR,2022-04-03 15:16:03,-45.8667,-67.5,58.86,29,0,19.57
330,Coihaique,CL,2022-04-03 15:12:07,-45.5752,-72.0662,49.95,53,75,8.05
331,Novichikha,RU,2022-04-03 15:16:04,52.204,81.3877,37.54,87,78,6.78
332,Itapetinga,BR,2022-04-03 15:16:04,-15.2489,-40.2478,89.01,39,69,7.29
333,Palmares Do Sul,BR,2022-04-03 15:16:04,-30.2578,-50.5097,70.84,78,100,6.46
334,Sierpc,PL,2022-04-03 15:16:05,52.8568,19.6691,42.51,32,100,10.04
335,Takoradi,GH,2022-04-03 15:16:05,4.8845,-1.7554,88.92,63,92,14.85
336,Barra Do Corda,BR,2022-04-03 15:16:06,-5.5,-45.25,82.58,82,32,6.78
337,Sayyan,YE,2022-04-03 15:16:06,15.1718,44.3244,67.98,14,4,16.84
338,Carora,VE,2022-04-03 15:16:06,10.1755,-70.0827,87.78,41,28,0.87
339,Murgab,TM,2022-04-03 15:16:07,37.4966,61.9714,78.67,34,75,4.61
340,Padang,ID,2022-04-03 15:16:07,-0.9492,100.3543,78.75,81,32,1.43
341,Poum,NC,2022-04-03 15:16:08,-20.2333,164.0167,81.75,82,100,19.08
342,Saint-Prosper,CA,2022-04-03 15:16:08,46.2117,-70.4811,38.71,80,100,4.81
343,Tiksi,RU,2022-04-03 15:16:08,71.6872,128.8694,3.69,98,100,7.58
344,Bograd,RU,2022-04-03 15:16:09,54.2344,90.8328,32.27,98,100,3.18
345,Bahir Dar,ET,2022-04-03 15:16:09,11.5936,37.3908,83.52,23,97,5.77
346,Nishihara,JP,2022-04-03 15:16:09,26.1842,127.7558,65.48,83,100,13.8
347,Ormara,PK,2022-04-03 15:16:10,25.2088,64.6357,78.24,71,9,8.93
348,Tabou,CI,2022-04-03 15:16:10,4.423,-7.3528,86.11,67,92,13.73
349,Carman,CA,2022-04-03 15:16:11,49.4992,-98.0016,32.34,80,90,5.75
350,Angoche,MZ,2022-04-03 15:16:11,-16.2325,39.9086,79.9,76,8,6.82
351,Shizilu,CN,2022-04-03 15:16:11,35.1711,118.8289,47.48,65,3,4.65
352,Hit,IQ,2022-04-03 15:16:12,33.6416,42.8251,88.39,9,95,5.23
353,Westport,US,2022-04-03 15:16:12,41.1415,-73.3579,49.71,74,100,9.22
354,Cody,US,2022-04-03 15:14:03,44.5263,-109.0565,40.24,23,0,13.8
355,Zhigansk,RU,2022-04-03 15:16:13,66.7697,123.3711,3.38,99,95,8.57
356,Airai,TL,2022-04-03 15:16:13,-8.9266,125.4092,58.41,86,95,1.3
357,Lamar,US,2022-04-03 15:16:14,33.6668,-95.5836,66.11,55,0,12.66
358,Guerrero Negro,MX,2022-04-03 15:16:14,27.9769,-114.0611,60.53,70,71,10.63
359,Medveda,RU,2022-04-03 15:16:14,56.5081,92.4078,26.53,95,95,2.93
360,Ler,SS,2022-04-03 15:16:15,8.3018,30.1418,95.27,28,97,8.59
361,Yenagoa,NG,2022-04-03 15:17:15,4.9247,6.2642,88.23,59,100,8.08
362,Kloulklubed,PW,2022-04-03 15:15:28,7.0419,134.2556,77.5,77,99,4.45
363,North Bend,US,2022-04-03 15:17:16,43.4065,-124.2243,43.86,96,75,5.75
364,Cabedelo,BR,2022-04-03 15:17:16,-6.9811,-34.8339,86.67,73,29,15.37
365,Bubaque,GW,2022-04-03 15:17:17,11.2833,-15.8333,75.78,65,100,13.94
366,Portland,US,2022-04-03 15:15:01,45.5234,-122.6762,45.68,87,100,6.91
367,Kampot,KH,2022-04-03 15:17:17,10.6167,104.1833,80.65,75,95,11.43
368,Hanko,FI,2022-04-03 15:17:18,59.8333,22.95,39.06,78,58,12.17
369,Ingham,US,2022-04-03 15:17:18,42.6,-84.3833,37.26,90,100,5.75
370,Kyra,RU,2022-04-03 15:17:18,49.5776,111.9753,31.96,66,83,5.5
371,Vostok,RU,2022-04-03 15:14:01,46.4856,135.8833,29.39,82,0,7.0
372,Chapais,CA,2022-04-03 15:17:19,49.7834,-74.8492,35.38,89,100,3.42
373,Sao Filipe,CV,2022-04-03 15:17:19,14.8961,-24.4956,71.33,76,40,10.51
374,Zheleznodorozhnyy,RU,2022-04-03 15:17:20,55.7503,38.0042,36.14,87,100,10.76
375,Ondangwa,NA,2022-04-03 15:17:20,-17.9167,15.95,79.84,54,95,12.35
376,Bogorodskoye,RU,2022-04-03 15:17:21,56.55,37.8833,29.64,82,100,11.65
377,Karaton,ID,2022-04-03 15:17:21,-6.3424,106.1045,74.44,89,100,4.52
378,Miri,MY,2022-04-03 15:17:21,4.4148,114.0089,80.74,89,40,2.3
379,Ankazoabo,MG,2022-04-03 15:17:22,-22.2833,44.5167,80.53,40,96,4.72
380,Yumen,CN,2022-04-03 15:16:43,40.2833,97.2,49.51,19,0,13.42
381,Natitingou,BJ,2022-04-03 15:17:22,10.3042,1.3796,97.16,28,73,7.4
382,Cuiluan,CN,2022-04-03 15:17:23,47.72,128.648,46.85,50,2,14.85
383,Saint-Joseph,RE,2022-04-03 15:17:23,-21.3667,55.6167,73.78,86,95,13.22
384,Pizarro,CO,2022-04-03 15:17:23,4.9533,-77.366,82.36,78,94,4.16
385,Magnolia,US,2022-04-03 15:17:24,33.2671,-93.2393,64.09,63,0,5.84
386,Kuzovatovo,RU,2022-04-03 15:17:24,53.5468,47.6866,47.64,75,99,16.58
387,Saint Paul,US,2022-04-03 15:14:47,44.9444,-93.0933,41.72,58,0,4.61
388,Ambon,ID,2022-04-03 15:17:25,-3.6954,128.1814,78.94,83,40,8.05
389,San Javier,ES,2022-04-03 15:17:25,37.8063,-0.8374,57.69,53,20,14.97
390,Karratha,AU,2022-04-03 15:17:25,-20.7377,116.8463,83.16,69,0,11.36
391,Kirakira,SB,2022-04-03 15:15:24,-10.4544,161.9205,80.19,85,95,7.87
392,Ugoofaaru,MV,2022-04-03 15:17:26,5.6667,73.0,83.53,68,6,2.55
393,Faya,SA,2022-04-03 15:17:26,18.3851,42.4509,75.31,26,1,5.66
394,Qurayyat,SA,2022-04-03 15:17:27,31.3318,37.3428,89.78,6,0,16.11
395,Coria,ES,2022-04-03 15:17:27,39.9879,-6.5377,57.45,26,11,10.33
396,Diego De Almagro,CL,2022-04-03 15:17:27,-26.3667,-70.05,74.97,23,0,5.26
397,Sinnamary,GF,2022-04-03 15:17:28,5.3833,-52.95,80.64,83,36,11.25
398,Broome,US,2022-04-03 15:17:28,42.2506,-75.833,39.7,88,100,3.44
399,Qaqortoq,GL,2022-04-03 15:17:29,60.7167,-46.0333,42.76,62,99,6.08
400,Grants,US,2022-04-03 15:17:29,35.1473,-107.8514,52.03,35,0,3.44
401,Aksu,CN,2022-04-03 15:17:29,41.1231,80.2644,63.05,25,0,1.95
402,Wanning,CN,2022-04-03 15:17:30,18.8003,110.3967,67.08,79,100,10.69
403,Tamworth,GB,2022-04-03 15:17:30,52.634,-1.6959,51.62,52,98,4.0
404,Icatu,BR,2022-04-03 15:17:31,-2.7758,-44.0658,90.03,57,48,5.7
405,Jibuti,DJ,2022-04-03 15:17:31,11.5,42.5,80.92,41,9,13.24
406,Damghan,IR,2022-04-03 15:17:31,36.1683,54.348,76.19,14,0,2.82
407,Harnes,FR,2022-04-03 15:18:32,50.4464,2.9048,49.6,56,75,6.91
408,Talnakh,RU,2022-04-03 15:18:32,69.4865,88.3972,3.69,98,98,3.78
409,Bereda,ES,2022-04-03 15:18:32,43.2686,-7.5406,48.58,62,72,10.22
410,Bowen,AU,2022-04-03 15:18:33,-20.0167,148.2333,78.84,79,27,8.5
411,Benalla,AU,2022-04-03 15:18:33,-36.55,145.9833,56.95,88,99,2.04
412,Port Hueneme,US,2022-04-03 15:18:34,34.1478,-119.1951,59.32,89,100,6.91
413,Muzhi,RU,2022-04-03 15:18:34,65.3667,64.6667,17.67,93,100,8.57
414,Pauini,BR,2022-04-03 15:18:35,-7.7136,-66.9764,83.23,60,48,3.02
415,Porto Murtinho,BR,2022-04-03 15:18:35,-21.6989,-57.8825,90.36,45,87,10.83
416,Fort Nelson,CA,2022-04-03 15:15:27,58.8053,-122.7002,15.39,79,75,3.44
417,Omsukchan,RU,2022-04-03 15:18:35,62.5333,155.8,-9.62,100,80,2.89
418,Carballo,ES,2022-04-03 15:18:36,43.213,-8.691,56.91,62,26,13.27
419,Mykolayivka,UA,2022-04-03 15:18:36,47.5414,30.7561,43.57,68,100,12.64
420,Xining,CN,2022-04-03 15:18:37,36.6167,101.7667,47.1,19,100,11.68
421,Cabo Rojo,PR,2022-04-03 15:18:37,18.0866,-67.1457,85.51,65,0,5.99
422,Colac,AU,2022-04-03 15:18:39,-38.3333,143.5833,56.84,93,70,4.29
423,Gao,ML,2022-04-03 15:18:39,16.6362,1.637,106.41,2,70,10.76
424,Itaituba,BR,2022-04-03 15:18:40,-4.2761,-55.9836,75.36,100,100,2.3
425,Winnemucca,US,2022-04-03 15:18:40,40.973,-117.7357,35.65,44,0,5.75
426,Synya,RU,2022-04-03 15:18:40,65.3718,58.0387,22.44,84,100,5.59
427,Balkanabat,TM,2022-04-03 15:18:41,39.5108,54.3671,82.47,13,0,5.66
428,Brzeg Dolny,PL,2022-04-03 15:18:41,51.273,16.7082,44.71,45,100,11.56
429,Kununurra,AU,2022-04-03 15:18:42,-15.7667,128.7333,71.58,73,12,3.44
430,Mega,ET,2022-04-03 15:18:42,4.05,38.3,76.8,29,97,20.98
431,Arraial Do Cabo,BR,2022-04-03 15:18:42,-22.9661,-42.0278,82.36,74,75,11.5
432,Mahibadhoo,MV,2022-04-03 15:18:43,3.7833,72.9667,83.52,68,9,1.92
433,Sadiqabad,PK,2022-04-03 15:18:43,28.3062,70.1307,89.24,4,1,6.22
434,Madimba,TZ,2022-04-03 15:18:43,-10.4,40.3333,81.05,79,68,4.05
435,Aklavik,CA,2022-04-03 15:13:57,68.2191,-135.0107,-19.05,98,100,4.52
436,Hambantota,LK,2022-04-03 15:18:44,6.1241,81.1185,80.78,77,11,4.81
437,Shahr-E Babak,IR,2022-04-03 15:18:44,30.1165,55.1186,71.87,8,89,8.19
438,Lar,IN,2022-04-03 15:18:45,26.2039,83.9717,88.16,17,0,4.99
439,Cabo San Lucas,MX,2022-04-03 15:18:45,22.8909,-109.9124,70.52,68,0,9.22
440,Kaputa,ZM,2022-04-03 15:18:46,-8.4689,29.6619,78.15,77,100,2.04
441,Pierre,US,2022-04-03 15:15:05,44.3683,-100.351,43.86,63,0,18.41
442,Flin Flon,CA,2022-04-03 15:18:46,54.7682,-101.865,22.84,74,100,6.91
443,Kramat,ID,2022-04-03 15:18:47,-8.1311,113.4499,74.59,93,21,1.25
444,Bambanglipuro,ID,2022-04-03 15:18:47,-7.95,110.2833,78.06,83,100,6.22
445,Fairbanks,US,2022-04-03 15:14:42,64.8378,-147.7164,10.81,76,40,3.44
446,Puerto Ayacucho,VE,2022-04-03 15:18:47,5.6639,-67.6236,82.13,73,94,7.61
447,Riverton,US,2022-04-03 15:15:11,40.5219,-111.9391,49.28,40,0,3.0
448,Indiana,US,2022-04-03 15:18:48,40.0003,-86.2503,46.96,76,75,3.0
449,Villena,ES,2022-04-03 15:18:48,38.6373,-0.8657,51.04,49,95,10.85
450,Vila Franca Do Campo,PT,2022-04-03 15:18:49,37.7167,-25.4333,63.01,71,15,17.9
451,Riohacha,CO,2022-04-03 15:18:49,11.5444,-72.9072,84.31,61,75,11.5
452,Dire,ML,2022-04-03 15:19:49,12.2833,-10.9667,105.57,10,27,5.59
453,Maldonado,UY,2022-04-03 15:19:50,-34.6667,-54.9167,75.22,57,93,11.74
454,Clyde River,CA,2022-04-03 15:19:50,70.4692,-68.5914,10.63,92,20,8.05
455,Bathsheba,BB,2022-04-03 15:19:51,13.2167,-59.5167,84.81,58,75,19.57
456,Cockburn Town,TC,2022-04-03 15:19:51,21.4612,-71.1419,82.36,69,40,11.5
457,Floro,NO,2022-04-03 15:19:51,61.5996,5.0328,43.23,75,75,10.36
458,Atlantic City,US,2022-04-03 15:19:52,39.3643,-74.4229,52.02,86,100,0.0
459,Sao Felix Do Xingu,BR,2022-04-03 15:15:12,-6.6447,-51.995,82.62,86,35,3.56
460,Sakaraha,MG,2022-04-03 15:19:52,-22.9,44.5333,79.47,45,74,9.93
461,Kapoeta,SS,2022-04-03 15:19:53,4.7717,33.5903,95.02,25,100,16.87
462,Vila Velha,BR,2022-04-03 15:19:53,-20.3297,-40.2925,85.95,73,40,9.22
463,Kampong Thum,KH,2022-04-03 15:19:53,12.7111,104.8887,70.11,81,99,5.1
464,Sovkhoznyy,RU,2022-04-03 15:19:54,45.2946,38.1138,52.05,75,92,13.8
465,Wronki,PL,2022-04-03 15:19:54,52.7105,16.3804,42.62,30,100,11.5
466,Beidao,CN,2022-04-03 15:19:54,34.5686,105.8933,53.33,60,100,4.23
467,Abu Samrah,SY,2022-04-03 15:19:55,35.3029,37.1841,70.95,32,39,10.78
468,Hobyo,SO,2022-04-03 15:19:55,5.3505,48.5268,82.8,71,8,10.38
469,Aljezur,PT,2022-04-03 15:19:55,37.3191,-8.8033,62.47,28,100,12.08
470,Namatanai,PG,2022-04-03 15:19:56,-3.6667,152.4333,79.3,83,100,1.92
471,Great Falls,US,2022-04-03 15:18:54,47.5002,-111.3008,41.67,49,0,14.97
472,Henties Bay,NA,2022-04-03 15:19:56,-22.116,14.2845,63.25,78,9,10.74
473,Kahului,US,2022-04-03 15:19:19,20.8947,-156.47,73.85,72,0,13.8
474,Abha,SA,2022-04-03 15:19:57,18.2164,42.5053,75.02,23,0,11.5
475,Vestmannaeyjar,IS,2022-04-03 15:19:57,63.4427,-20.2734,43.79,100,40,19.57
476,Villarrubia De Los Ojos,ES,2022-04-03 15:19:58,39.2209,-3.608,54.03,26,50,12.97
477,Narasannapeta,IN,2022-04-03 15:19:58,18.4167,84.05,79.43,85,6,9.08
478,Lev Tolstoy,RU,2022-04-03 15:19:58,53.2134,39.446,32.88,91,100,7.47
479,Kargasok,RU,2022-04-03 15:19:59,59.0556,80.8572,14.72,92,88,5.01
480,Shahrud,IR,2022-04-03 15:19:59,36.4182,54.9763,71.65,20,0,2.55
481,Luwuk,ID,2022-04-03 15:20:00,-0.9516,122.7875,78.82,87,100,2.17
482,Bitung,ID,2022-04-03 15:20:01,1.4451,125.1824,77.85,83,77,6.69
483,Proletarsk,RU,2022-04-03 15:20:02,46.7031,41.7192,61.2,54,74,12.66
484,Necochea,AR,2022-04-03 15:18:51,-38.5473,-58.7368,65.12,63,66,18.75
485,Khorramshahr,IR,2022-04-03 15:20:02,30.4397,48.1664,94.96,10,0,6.91
486,Orlik,RU,2022-04-03 15:20:03,52.5178,99.825,30.15,95,99,4.23
487,Sitka,US,2022-04-03 15:19:38,57.0531,-135.33,42.69,75,100,23.02
488,Hirara,JP,2022-04-03 15:20:03,24.8,125.2833,68.52,73,100,27.0
489,Ninghai,CN,2022-04-03 15:20:04,29.2892,121.4247,45.3,81,0,1.95
490,Lakselv,NO,2022-04-03 15:20:04,70.0513,24.9718,28.22,69,40,3.44
491,Cibeureum,ID,2022-04-03 15:20:05,-7.3552,108.2693,72.39,97,100,3.33
492,Hanna,CA,2022-04-03 15:15:27,51.6334,-111.9018,33.85,85,5,8.99
493,Mtwara,TZ,2022-04-03 15:20:05,-10.2667,40.1833,80.91,79,64,4.45
494,Plastun,RU,2022-04-03 15:20:06,44.7561,136.2939,38.21,70,0,4.5
495,Podgornoye,RU,2022-04-03 15:20:06,51.735,39.1496,37.62,81,100,11.18
496,Odessa,UA,2022-04-03 15:21:07,46.4775,30.7326,47.34,56,79,15.82
497,Te Anau,NZ,2022-04-03 15:21:07,-45.4167,167.7167,47.62,82,63,0.65
498,Praya,CV,2022-04-03 15:21:07,14.9215,-23.5087,77.54,57,20,19.57
499,Voh,NC,2022-04-03 15:21:08,-20.9667,164.7,78.21,91,100,5.7
500,Marica,BR,2022-04-03 15:21:08,-22.9194,-42.8186,80.55,84,35,5.59
501,Pochutla,MX,2022-04-03 15:21:09,15.7432,-96.4661,83.82,38,4,3.33
502,Mitsamiouli,KM,2022-04-03 15:21:09,-11.3847,43.2844,82.58,71,35,3.94
503,Priargunsk,RU,2022-04-03 15:21:09,50.3691,119.1012,40.91,37,51,17.78
504,Yatou,CN,2022-04-03 15:21:10,37.15,122.3833,44.29,82,1,7.43
505,Raga,SS,2022-04-03 15:21:10,8.4596,25.678,97.9,21,91,7.43
506,Kenai,US,2022-04-03 15:21:10,60.5544,-151.2583,30.09,87,0,3.44
507,San Vicente,AR,2022-04-03 15:21:11,-26.6167,-54.1333,77.95,55,87,8.43
508,Lerwick,GB,2022-04-03 15:17:21,60.1545,-1.1494,42.8,93,100,21.74
509,Shache,CN,2022-04-03 15:21:11,38.4167,77.2406,65.44,15,87,8.95
510,Kuusamo,FI,2022-04-03 15:21:12,65.9667,29.1833,24.84,68,75,6.91
511,Kpandae,GH,2022-04-03 15:21:12,8.4689,-0.0113,101.66,27,96,6.42
512,Rundu,NA,2022-04-03 15:21:13,-17.9333,19.7667,78.3,58,100,11.45
513,Kirensk,RU,2022-04-03 15:21:13,57.7853,108.1119,6.64,97,92,3.62
514,Senno,RU,2022-04-03 15:21:13,59.5336,33.9167,30.52,79,66,3.22
515,Kabalo,CD,2022-04-03 15:21:14,-6.05,26.9167,80.58,85,99,1.28
516,Santa Barbara,US,2022-04-03 15:21:07,34.7333,-120.0343,51.82,91,100,0.0
517,Caxito,AO,2022-04-03 15:21:14,-8.5785,13.6643,84.9,64,98,1.81
518,Lasa,IT,2022-04-03 15:21:15,46.6166,10.7002,43.7,80,99,1.86
519,Mpika,ZM,2022-04-03 15:21:15,-11.8343,31.4529,69.17,90,89,2.91
520,Byron Bay,AU,2022-04-03 15:21:15,-28.65,153.6167,64.94,86,22,10.47
521,Catio,GW,2022-04-03 15:21:16,11.2833,-15.25,92.95,28,24,13.35
522,Uyovu,TZ,2022-04-03 15:21:17,-3.2833,31.5258,77.95,67,47,3.06
523,Dondo,MZ,2022-04-03 15:21:17,-19.6094,34.7431,81.91,80,48,7.87
524,Bac Lieu,VN,2022-04-03 15:21:18,9.285,105.7244,80.89,74,94,19.13
525,Cutervo,PE,2022-04-03 15:21:18,-6.379,-78.8157,57.51,81,94,5.3
526,Vryheid,ZA,2022-04-03 15:21:19,-27.7695,30.7917,67.98,62,100,3.06
527,Betsiamites,CA,2022-04-03 15:21:19,48.9413,-68.646,33.89,70,83,9.48
528,Inirida,CO,2022-04-03 15:21:19,3.8653,-67.9239,82.29,74,99,4.16
529,Puerto Del Rosario,ES,2022-04-03 15:21:20,28.5004,-13.8627,74.95,50,75,18.41
530,Krasnoarmeysk,RU,2022-04-03 15:21:20,51.0239,45.6969,54.48,67,100,13.13
